<?xml version="1.0" encoding="UTF-8"?>
<!--
  #%L
  Amazon Athena Query Federation SDK
  %%
  Copyright (C) 2019 - 2020 Amazon Web Services
  %%
  Licensed under the Apache License, Version 2.0 (the "License");
  you may not use this file except in compliance with the License.
  You may obtain a copy of the License at
  
       http://www.apache.org/licenses/LICENSE-2.0
  
  Unless required by applicable law or agreed to in writing, software
  distributed under the License is distributed on an "AS IS" BASIS,
  WITHOUT WARRANTIES OR CONDITIONS OF ANY KIND, either express or implied.
  See the License for the specific language governing permissions and
  limitations under the License.
  #L%
  -->

<Configuration packages="com.amazonaws.services.lambda.runtime.log4j2">
    <Appenders>
        <Lambda name="Lambda">
            <PatternLayout>
                <pattern>%d{yyyy-MM-dd HH:mm:ss} %X{AWSRequestId} %-5p %c{1}:%L - %m%n</pattern>
            </PatternLayout>
        </Lambda>
    </Appenders>
    <Loggers>
        <Logger name="com.amazonaws.athena.connector.lambda" level="${env:ATHENA_FEDERATION_SDK_LOG_LEVEL:-warn}" />
        <Logger name="com.amazonaws.athena.connectors.jdbc" level="${env:ATHENA_FEDERATION_SDK_LOG_LEVEL:-warn}" />
        <Root level="info">
            <AppenderRef ref="Lambda" />
        </Root>
    </Loggers>
</Configuration>
